<xml xmlns="https://developers.google.com/blockly/xml">
  <variables>
    <variable id="lt9$|[%lk-[$:ESi@Luw">特徵資料</variable>
    <variable id="T`wgafmjX3ueH(iSyDMB">左輪轉速</variable>
    <variable id="tp.nGXSq_t]!7glSFnu7">馬達轉速</variable>
    <variable id="PpZ+]X6Y;wktmEM~yAqI">右輪轉速</variable>
    <variable id="f%h,+|bb!Iu9$BF|?9Zw">資料計數</variable>
  </variables>
  <block type="mlplay_class" id="Z*lb-wWxg7v@ss05TP[c" x="13" y="13">
    <statement name="INIT">
      <block type="variables_set" id="9h?CODbso3.Il|kbq2Z1">
        <field name="VAR" id="lt9$|[%lk-[$:ESi@Luw">特徵資料</field>
        <value name="VALUE">
          <block type="lists_create_with" id="hogE$wVkK=zYedGW1Tz?">
            <mutation items="0"></mutation>
          </block>
        </value>
        <next>
          <block type="variables_set" id="KAlqTPX/[Xs;?Yz-{b!z">
            <field name="VAR" id="tp.nGXSq_t]!7glSFnu7">馬達轉速</field>
            <value name="VALUE">
              <block type="lists_create_with" id="A*j6+Y4jdxZLK2uV{[ou">
                <mutation items="0"></mutation>
              </block>
            </value>
            <next>
              <block type="variables_set" id="Tv_iUI7H%{JOJ4W7SU-%">
                <field name="VAR" id="f%h,+|bb!Iu9$BF|?9Zw">資料計數</field>
                <value name="VALUE">
                  <block type="math_number" id="#QLcw@?@(pBu8o3q6HV2">
                    <field name="NUM">1</field>
                  </block>
                </value>
                <next>
                  <block type="variables_set" id="id]6H[CF=fz^RDQ8$htU">
                    <field name="VAR" id="T`wgafmjX3ueH(iSyDMB">左輪轉速</field>
                    <value name="VALUE">
                      <block type="math_number" id="-%)sD2%A=TGP,jN0P;E3">
                        <field name="NUM">0</field>
                      </block>
                    </value>
                    <next>
                      <block type="variables_set" id="}R9rc6smfc/Uk3TL)#_U">
                        <field name="VAR" id="PpZ+]X6Y;wktmEM~yAqI">右輪轉速</field>
                        <value name="VALUE">
                          <block type="math_number" id="fY{,cm=Bc[QcziuwosnB">
                            <field name="NUM">0</field>
                          </block>
                        </value>
                      </block>
                    </next>
                  </block>
                </next>
              </block>
            </next>
          </block>
        </next>
      </block>
    </statement>
    <statement name="UPDATE">
      <block type="controls_if" id="LrUD2evSy{w0ct_?DshC">
        <mutation else="1"></mutation>
        <value name="IF0">
          <block type="logic_compare" id="^M7?_^gMcSLBJH}CB9zw">
            <field name="OP">NEQ</field>
            <value name="A">
              <block type="mlplay_get_info" id="qg-pQki7?;`sV-i3QxNg">
                <field name="FIELD">scene_info['status']</field>
              </block>
            </value>
            <value name="B">
              <block type="mlplay_game_status" id="8:qkJHaaXp-vUAJ4hHpY">
                <field name="STATUS">GAME_ALIVE</field>
              </block>
            </value>
          </block>
        </value>
        <statement name="DO0">
          <block type="file_save" id="]v$@oBV;Ta3;K}*v_lZ0">
            <value name="OBJECT">
              <block type="variables_get" id="s.74CqR#kKZ}clubudff">
                <field name="VAR" id="lt9$|[%lk-[$:ESi@Luw">特徵資料</field>
              </block>
            </value>
            <value name="FILENAME">
              <block type="text_join" id="Y3P.[h,/GBC!#!u%1lDu">
                <mutation items="2"></mutation>
                <value name="ADD0">
                  <block type="text" id="vyl49B(,WZu1;WW{uzEj">
                    <field name="TEXT">feature</field>
                  </block>
                </value>
                <value name="ADD1">
                  <block type="variables_get" id="ja;1,FP;YEf7r*{b+Um/">
                    <field name="VAR" id="f%h,+|bb!Iu9$BF|?9Zw">資料計數</field>
                  </block>
                </value>
              </block>
            </value>
            <next>
              <block type="file_save" id="Xd9pMWDAvx_X{w]z@2}w">
                <value name="OBJECT">
                  <block type="variables_get" id="V$Otkv/`2dlEBA$ep*#j">
                    <field name="VAR" id="tp.nGXSq_t]!7glSFnu7">馬達轉速</field>
                  </block>
                </value>
                <value name="FILENAME">
                  <block type="text_join" id="CP!WXP0VyS48L(1jxbO3">
                    <mutation items="2"></mutation>
                    <value name="ADD0">
                      <block type="text" id="`Ypo/94TqnK+w^Wg6EFL">
                        <field name="TEXT">target</field>
                      </block>
                    </value>
                    <value name="ADD1">
                      <block type="variables_get" id="?R{7x~mNH)!v6SD/ui:S">
                        <field name="VAR" id="f%h,+|bb!Iu9$BF|?9Zw">資料計數</field>
                      </block>
                    </value>
                  </block>
                </value>
                <next>
                  <block type="file_csv_save" id="Q41WM-~+=p%1.%IL^Pq1">
                    <field name="DELIMITER">,</field>
                    <comment pinned="false" h="52" w="285">可以將收集的特徵數據，打開來看</comment>
                    <value name="OBJECT">
                      <block type="variables_get" id="7YY}o{q8-Uv6y`h{{oz}">
                        <field name="VAR" id="lt9$|[%lk-[$:ESi@Luw">特徵資料</field>
                      </block>
                    </value>
                    <value name="FILENAME">
                      <shadow type="text" id="fL0O-my;%De!aM}*NhE.">
                        <field name="TEXT">檔案名稱</field>
                      </shadow>
                      <block type="text_join" id="L81^odZ%RPvLj_T0tX1+">
                        <mutation items="2"></mutation>
                        <value name="ADD0">
                          <block type="text" id="]eyvhZNT[sT4wV)#3]fa">
                            <field name="TEXT">feature</field>
                          </block>
                        </value>
                        <value name="ADD1">
                          <block type="variables_get" id=";.}t:j|TumdCQE0XiW9K">
                            <field name="VAR" id="f%h,+|bb!Iu9$BF|?9Zw">資料計數</field>
                          </block>
                        </value>
                      </block>
                    </value>
                    <next>
                      <block type="file_csv_save" id="byhfrb8XmQ6I:d-Ts}cl">
                        <field name="DELIMITER">,</field>
                        <comment pinned="false" h="48" w="286">可以將收集的馬達數據，打開來看</comment>
                        <value name="OBJECT">
                          <block type="variables_get" id="};T}yK,M/Y/:3N3lB6Dg">
                            <field name="VAR" id="tp.nGXSq_t]!7glSFnu7">馬達轉速</field>
                          </block>
                        </value>
                        <value name="FILENAME">
                          <shadow type="text">
                            <field name="TEXT">檔案名稱</field>
                          </shadow>
                          <block type="text_join" id="=P;Kow~F8_8S};om`1mm">
                            <mutation items="2"></mutation>
                            <value name="ADD0">
                              <block type="text" id="@dj*tm%6:u|)L)l@aUo:">
                                <field name="TEXT">target</field>
                              </block>
                            </value>
                            <value name="ADD1">
                              <block type="variables_get" id="Pr/A@4QCju12g/agxS//">
                                <field name="VAR" id="f%h,+|bb!Iu9$BF|?9Zw">資料計數</field>
                              </block>
                            </value>
                          </block>
                        </value>
                        <next>
                          <block type="mlplay_return_action" id="^snNt*rtEm=Q(dMD?wic">
                            <field name="ACTION">RESET</field>
                          </block>
                        </next>
                      </block>
                    </next>
                  </block>
                </next>
              </block>
            </next>
          </block>
        </statement>
        <statement name="ELSE">
          <block type="lists_insertIndex" id="gg)7?o?;R*=^nj$D*A/(">
            <mutation at="false"></mutation>
            <field name="WHERE">LAST</field>
            <value name="TO">
              <block type="lists_create_with" id="IA9G?5Zx2$@Gk{:0I=pn">
                <mutation items="6"></mutation>
                <comment pinned="false" h="88" w="382">特徵資料，不一定只有這五種，還可以自行增加喔!</comment>
                <value name="ADD0">
                  <block type="mlplay_get_info" id="l#mMh49Q@}J85nny@~=|">
                    <field name="FIELD">scene_info['L_sensor']</field>
                  </block>
                </value>
                <value name="ADD1">
                  <block type="mlplay_get_info" id="2gz#)tc1tna,{e;pX=:;">
                    <field name="FIELD">scene_info['L_T_sensor']</field>
                  </block>
                </value>
                <value name="ADD2">
                  <block type="mlplay_get_info" id="EY@)2_r?^}SdZfReWgxf">
                    <field name="FIELD">scene_info['F_sensor']</field>
                  </block>
                </value>
                <value name="ADD3">
                  <block type="mlplay_get_info" id="gCy^h6SR.|V4l+r~74|~">
                    <field name="FIELD">scene_info['R_T_sensor']</field>
                  </block>
                </value>
                <value name="ADD4">
                  <block type="mlplay_get_info" id=";}K9.;RJ9p~rcMdR99Hr">
                    <field name="FIELD">scene_info['R_sensor']</field>
                  </block>
                </value>
                <value name="ADD5">
                  <block type="mlplay_get_info" id="BRb|X5ZaC$tFNG;_68}o">
                    <field name="FIELD">scene_info['B_sensor']</field>
                  </block>
                </value>
              </block>
            </value>
            <value name="LIST">
              <block type="variables_get" id="1NkKe-xU)K%AW{_g7`f-">
                <field name="VAR" id="lt9$|[%lk-[$:ESi@Luw">特徵資料</field>
              </block>
            </value>
            <next>
              <block type="controls_if" id=")%Y4C#+/JP~*pPwv4?QM">
                <mutation elseif="3" else="1"></mutation>
                <value name="IF0">
                  <block type="logic_operation" id="~]GC%Cp;^G^b`[{Ouqv@">
                    <field name="OP">OR</field>
                    <value name="A">
                      <block type="mlplay_is_key_pressed" id=")r4Wo:J;+4!v_RO`Wi/P">
                        <field name="TYPE">arrow</field>
                        <field name="KEY">UP</field>
                      </block>
                    </value>
                    <value name="B">
                      <block type="mlplay_is_key_pressed" id="7S%|-{mXjr{le$`B^M{q">
                        <field name="TYPE">alpha</field>
                        <field name="KEY">w</field>
                      </block>
                    </value>
                  </block>
                </value>
                <statement name="DO0">
                  <block type="procedures_callnoreturn" id="!0|.T$ta~A:u|A-%ef;3">
                    <mutation name="前進"></mutation>
                  </block>
                </statement>
                <value name="IF1">
                  <block type="logic_operation" id="^8vu88;blRyib_,@T7zz">
                    <field name="OP">OR</field>
                    <value name="A">
                      <block type="mlplay_is_key_pressed" id="4wIan]^R6Y9UT/CF$mk5">
                        <field name="TYPE">arrow</field>
                        <field name="KEY">DOWN</field>
                      </block>
                    </value>
                    <value name="B">
                      <block type="mlplay_is_key_pressed" id="T.a]B!Q`g+rh)Fo1@Cqc">
                        <field name="TYPE">alpha</field>
                        <field name="KEY">s</field>
                      </block>
                    </value>
                  </block>
                </value>
                <statement name="DO1">
                  <block type="procedures_callnoreturn" id="kh}0h0UwRFd-9S(P6x.;">
                    <mutation name="後退"></mutation>
                  </block>
                </statement>
                <value name="IF2">
                  <block type="logic_operation" id="w2^%IA?IVPluchZxZBO!">
                    <field name="OP">OR</field>
                    <value name="A">
                      <block type="mlplay_is_key_pressed" id="d!G-cI^NHP?^cV%AFiLH">
                        <field name="TYPE">arrow</field>
                        <field name="KEY">RIGHT</field>
                      </block>
                    </value>
                    <value name="B">
                      <block type="mlplay_is_key_pressed" id="n7,/Q60sqo53$Z$B.yWO">
                        <field name="TYPE">alpha</field>
                        <field name="KEY">d</field>
                      </block>
                    </value>
                  </block>
                </value>
                <statement name="DO2">
                  <block type="procedures_callnoreturn" id="8K46WD#vm*4Vl00pFvWS">
                    <mutation name="右轉"></mutation>
                  </block>
                </statement>
                <value name="IF3">
                  <block type="logic_operation" id="P5Po3vy!JLeH8q-s?y(;">
                    <field name="OP">OR</field>
                    <value name="A">
                      <block type="mlplay_is_key_pressed" id="e[;AN,L{wxA_HU9b4tib">
                        <field name="TYPE">arrow</field>
                        <field name="KEY">LEFT</field>
                      </block>
                    </value>
                    <value name="B">
                      <block type="mlplay_is_key_pressed" id="DKpQ?TJ[A_zGda{O7+NL">
                        <field name="TYPE">alpha</field>
                        <field name="KEY">a</field>
                      </block>
                    </value>
                  </block>
                </value>
                <statement name="DO3">
                  <block type="procedures_callnoreturn" id="UTr?KhB.BH0q%M^%8ij*">
                    <mutation name="左轉"></mutation>
                  </block>
                </statement>
                <statement name="ELSE">
                  <block type="procedures_callnoreturn" id="H5g,c5lBts#)48jJT0R`">
                    <mutation name="默認前進"></mutation>
                  </block>
                </statement>
                <next>
                  <block type="procedures_callnoreturn" id="S2sw@o+xH+)3B^oNO6GE">
                    <mutation name="收集資料"></mutation>
                  </block>
                </next>
              </block>
            </next>
          </block>
        </statement>
        <next>
          <block type="mlplay_return_mazecar_action" id="lRK@AXn:sm4i[q~i3^45">
            <value name="LEFT_RPM">
              <shadow type="math_number">
                <field name="NUM">50</field>
              </shadow>
              <block type="variables_get" id="w$=V]%t:iH@@4~};-d;J">
                <field name="VAR" id="T`wgafmjX3ueH(iSyDMB">左輪轉速</field>
              </block>
            </value>
            <value name="RIGHT_RPM">
              <shadow type="math_number">
                <field name="NUM">50</field>
              </shadow>
              <block type="variables_get" id="!?,;oVDiuJp{_+U2h;eD">
                <field name="VAR" id="PpZ+]X6Y;wktmEM~yAqI">右輪轉速</field>
              </block>
            </value>
          </block>
        </next>
      </block>
    </statement>
    <statement name="RESET">
      <block type="variables_set" id="H!Tmhq|JSuvdVb*,x{k|">
        <field name="VAR" id="lt9$|[%lk-[$:ESi@Luw">特徵資料</field>
        <value name="VALUE">
          <block type="lists_create_with" id="zH.g!%^O;ha%Qb3C2bZ:">
            <mutation items="0"></mutation>
          </block>
        </value>
        <next>
          <block type="variables_set" id="7O7aAfg-zYB;X7~@M_+!">
            <field name="VAR" id="tp.nGXSq_t]!7glSFnu7">馬達轉速</field>
            <value name="VALUE">
              <block type="lists_create_with" id="[hHRY`9J~8gj[Qh`DXHu">
                <mutation items="0"></mutation>
              </block>
            </value>
            <next>
              <block type="math_change" id="~(B|hxRet,hYW.X#pgVd">
                <field name="VAR" id="f%h,+|bb!Iu9$BF|?9Zw">資料計數</field>
                <value name="DELTA">
                  <shadow type="math_number" id="Zj3803)KVPO]=q0~3zz*">
                    <field name="NUM">1</field>
                  </shadow>
                </value>
                <next>
                  <block type="text_print" id="3-vI(MX7eN/?tQ|24%?_">
                    <value name="TEXT">
                      <shadow type="text">
                        <field name="TEXT">abc</field>
                      </shadow>
                      <block type="text" id="V{*~dhA;^+KuRKtLUgF(">
                        <field name="TEXT">遊戲重置</field>
                      </block>
                    </value>
                  </block>
                </next>
              </block>
            </next>
          </block>
        </next>
      </block>
    </statement>
  </block>
  <block type="procedures_defnoreturn" id="/FxtEA4jLlnuS|Z#je:e" x="13" y="1413">
    <field name="NAME">前進</field>
    <comment pinned="false" h="80" w="160">描述此函式...</comment>
    <statement name="STACK">
      <block type="variables_set" id="Jg7dp3%6SkW]l,*4z!B^">
        <field name="VAR" id="T`wgafmjX3ueH(iSyDMB">左輪轉速</field>
        <value name="VALUE">
          <block type="math_number" id="GnYH8;/7]lcQ-8jbvl2)">
            <field name="NUM">255</field>
          </block>
        </value>
        <next>
          <block type="variables_set" id="6n/KPiwZlDWJw]{,j^==">
            <field name="VAR" id="PpZ+]X6Y;wktmEM~yAqI">右輪轉速</field>
            <value name="VALUE">
              <block type="math_number" id="Cu._D3KP~XCF$_S(DSNZ">
                <field name="NUM">255</field>
              </block>
            </value>
          </block>
        </next>
      </block>
    </statement>
  </block>
  <block type="procedures_defnoreturn" id="HuHHUX{A-Nn#6rBqh~Sb" x="13" y="1538">
    <field name="NAME">後退</field>
    <comment pinned="false" h="80" w="160">描述此函式...</comment>
    <statement name="STACK">
      <block type="variables_set" id="C{G0U_llney=~@kapcJh">
        <field name="VAR" id="T`wgafmjX3ueH(iSyDMB">左輪轉速</field>
        <value name="VALUE">
          <block type="math_number" id="N/s4m2]NV%~ihE|gk*^@">
            <field name="NUM">-100</field>
          </block>
        </value>
        <next>
          <block type="variables_set" id="AC,y7H?MQ|M8[Ys3d_f`">
            <field name="VAR" id="PpZ+]X6Y;wktmEM~yAqI">右輪轉速</field>
            <value name="VALUE">
              <block type="math_number" id="TP0TkdSOL)_1$9k)4ATy">
                <field name="NUM">-100</field>
              </block>
            </value>
          </block>
        </next>
      </block>
    </statement>
  </block>
  <block type="procedures_defnoreturn" id="VS_G|4zoy%Srf!8b5~z4" x="13" y="1663">
    <field name="NAME">右轉</field>
    <comment pinned="false" h="80" w="160">描述此函式...</comment>
    <statement name="STACK">
      <block type="variables_set" id="9l.{tg`x`wP`-1zg+[*J">
        <field name="VAR" id="T`wgafmjX3ueH(iSyDMB">左輪轉速</field>
        <value name="VALUE">
          <block type="math_number" id="]r_ALUJ)w|N5/4]^Lda0">
            <field name="NUM">50</field>
          </block>
        </value>
        <next>
          <block type="variables_set" id="^[g%tu:}14a68S#htA4t">
            <field name="VAR" id="PpZ+]X6Y;wktmEM~yAqI">右輪轉速</field>
            <value name="VALUE">
              <block type="math_number" id="Z7[`c{etVEMcuEN9=iF9">
                <field name="NUM">-50</field>
              </block>
            </value>
          </block>
        </next>
      </block>
    </statement>
  </block>
  <block type="procedures_defnoreturn" id="N1CBrl[#A%ZJ3RWq|Ptw" x="13" y="1788">
    <field name="NAME">默認前進</field>
    <comment pinned="false" h="80" w="160">描述此函式...</comment>
    <statement name="STACK">
      <block type="variables_set" id="MJ(?zDicbM/^Wp0Ut;hK">
        <field name="VAR" id="T`wgafmjX3ueH(iSyDMB">左輪轉速</field>
        <value name="VALUE">
          <block type="math_number" id="A2z!!Qgw^}}yX8;8j/.c">
            <field name="NUM">150</field>
          </block>
        </value>
        <next>
          <block type="variables_set" id="7^ybBmZ=SU%Pj[eA#alK">
            <field name="VAR" id="PpZ+]X6Y;wktmEM~yAqI">右輪轉速</field>
            <value name="VALUE">
              <block type="math_number" id=",7oZQCwIxEj5OEMdiWyn">
                <field name="NUM">150</field>
              </block>
            </value>
          </block>
        </next>
      </block>
    </statement>
  </block>
  <block type="procedures_defnoreturn" id="kyIDvrOfmARq3|G3)]Vd" x="13" y="1913">
    <field name="NAME">左轉</field>
    <comment pinned="false" h="80" w="160">描述此函式...</comment>
    <statement name="STACK">
      <block type="variables_set" id="ECMIh73:=2k+m4zW{eov">
        <field name="VAR" id="T`wgafmjX3ueH(iSyDMB">左輪轉速</field>
        <value name="VALUE">
          <block type="math_number" id="PKxg_jThCq[KV*NA^!:Y">
            <field name="NUM">-50</field>
          </block>
        </value>
        <next>
          <block type="variables_set" id="KqWbb*ch8yoqiBzk+:Fu">
            <field name="VAR" id="PpZ+]X6Y;wktmEM~yAqI">右輪轉速</field>
            <value name="VALUE">
              <block type="math_number" id="9!+*Tqo?)!ypU3|M;];+">
                <field name="NUM">50</field>
              </block>
            </value>
          </block>
        </next>
      </block>
    </statement>
  </block>
  <block type="procedures_defnoreturn" id="N$+_7zJIn8h57|TDkHW/" x="13" y="2038">
    <field name="NAME">收集資料</field>
    <comment pinned="false" h="80" w="160">描述此函式...</comment>
    <statement name="STACK">
      <block type="lists_insertIndex" id="jsDp0Nx0)Ay|i,DMYktH">
        <mutation at="false"></mutation>
        <field name="WHERE">LAST</field>
        <value name="TO">
          <block type="lists_create_with" id="CDz*lY9pEyAr5D:-{$U]">
            <mutation items="2"></mutation>
            <value name="ADD0">
              <block type="variables_get" id="idN/(^l+RpRFh0B=g_tG">
                <field name="VAR" id="T`wgafmjX3ueH(iSyDMB">左輪轉速</field>
              </block>
            </value>
            <value name="ADD1">
              <block type="variables_get" id="5M(8w2.a2L9?VQJ7]4Qh">
                <field name="VAR" id="PpZ+]X6Y;wktmEM~yAqI">右輪轉速</field>
              </block>
            </value>
          </block>
        </value>
        <value name="LIST">
          <block type="variables_get" id="osK!QiCV1yLejsOn3dHp">
            <field name="VAR" id="tp.nGXSq_t]!7glSFnu7">馬達轉速</field>
          </block>
        </value>
      </block>
    </statement>
  </block>
</xml>