<xml xmlns="https://developers.google.com/blockly/xml">
  <variables>
    <variable id="S.JMR$J0Zf=I5WCU4!7/">特徵資料</variable>
    <variable id="?YTvq{p1N?.L(C]LK;aZ">預測轉速</variable>
    <variable id=",^^{5fW]Lw0h5w;FD,ns">AI模型</variable>
    <variable id="3mu%ock7yMNJRcn`_dyf">左輪轉速</variable>
    <variable id="}]+AasxtgeR%@4=.s}3V">右輪轉速</variable>
  </variables>
  <block type="mlplay_class" id="Z*lb-wWxg7v@ss05TP[c" x="137" y="38">
    <statement name="INIT">
      <block type="variables_set" id="Oj}pV$k%2$,;Hy*_aGYz">
        <field name="VAR" id="S.JMR$J0Zf=I5WCU4!7/">特徵資料</field>
        <value name="VALUE">
          <block type="lists_create_with" id="k,ZO3Qi(gp%}LkoGoS#=">
            <mutation items="0"></mutation>
          </block>
        </value>
        <next>
          <block type="variables_set" id="WxB%P2RUZe|+.+XDJOt|">
            <field name="VAR" id="?YTvq{p1N?.L(C]LK;aZ">預測轉速</field>
            <value name="VALUE">
              <block type="lists_create_with" id="m8ZQa{Kk-tm48`bM[Fv@">
                <mutation items="0"></mutation>
              </block>
            </value>
            <next>
              <block type="file_load" id="YPTd3qIM#E:UzD!=k]]O">
                <value name="FILENAME">
                  <block type="text" id=".oah8`r(){A~aoLvk)TB">
                    <field name="TEXT">model</field>
                  </block>
                </value>
                <value name="OBJECT">
                  <block type="variables_get" id="z-o]?$igt{n1)didj(}=">
                    <field name="VAR" id=",^^{5fW]Lw0h5w;FD,ns">AI模型</field>
                  </block>
                </value>
              </block>
            </next>
          </block>
        </next>
      </block>
    </statement>
    <statement name="UPDATE">
      <block type="controls_if" id="N*%yS.-CFhhqyQp7J(aS">
        <mutation else="1"></mutation>
        <value name="IF0">
          <block type="logic_compare" id="z{c)vB}YAwPI8XxnUN4-">
            <field name="OP">NEQ</field>
            <value name="A">
              <block type="mlplay_get_info" id="V8QmWO/7|vo?dQly$*1-">
                <field name="FIELD">scene_info['status']</field>
              </block>
            </value>
            <value name="B">
              <block type="mlplay_game_status" id="84Who+Hb~E4Qx(376I1x">
                <field name="STATUS">GAME_ALIVE</field>
              </block>
            </value>
          </block>
        </value>
        <statement name="DO0">
          <block type="mlplay_return_action" id="Pc(@fdva]~Rk)%?8;3*f">
            <field name="ACTION">RESET</field>
          </block>
        </statement>
        <statement name="ELSE">
          <block type="variables_set" id="VlJOMcbm6TdrAt6LOyEC">
            <field name="VAR" id="S.JMR$J0Zf=I5WCU4!7/">特徵資料</field>
            <value name="VALUE">
              <block type="lists_create_with" id="O-TJm9*fs(sG%u4bb.F1">
                <mutation items="1"></mutation>
                <value name="ADD0">
                  <block type="lists_create_with" id="UuldhzPOCIjd2M}nd[@)">
                    <mutation items="6"></mutation>
                    <comment pinned="false" h="62" w="352">一定要根據特徵資料收集的順序和項目喔!</comment>
                    <value name="ADD0">
                      <block type="mlplay_get_info" id="UN[-pzjpG-p~w[6.A[{V">
                        <field name="FIELD">scene_info['L_sensor']</field>
                      </block>
                    </value>
                    <value name="ADD1">
                      <block type="mlplay_get_info" id="^9Dva800:6rVjKyrHlUb">
                        <field name="FIELD">scene_info['L_T_sensor']</field>
                      </block>
                    </value>
                    <value name="ADD2">
                      <block type="mlplay_get_info" id="bO,8=-!FMG=0h|19?=T,">
                        <field name="FIELD">scene_info['F_sensor']</field>
                      </block>
                    </value>
                    <value name="ADD3">
                      <block type="mlplay_get_info" id="dC%eE2{j;gTy|x56Aenb">
                        <field name="FIELD">scene_info['R_T_sensor']</field>
                      </block>
                    </value>
                    <value name="ADD4">
                      <block type="mlplay_get_info" id="vV,Zl~SDHIZ#*Sc-wL1%">
                        <field name="FIELD">scene_info['R_sensor']</field>
                      </block>
                    </value>
                    <value name="ADD5">
                      <block type="mlplay_get_info" id="Wl6/qmZkchUb5e$G-?7K">
                        <field name="FIELD">scene_info['B_sensor']</field>
                      </block>
                    </value>
                  </block>
                </value>
              </block>
            </value>
            <next>
              <block type="variables_set" id="S^A+!/}2qT}5%iJeXf:x">
                <field name="VAR" id="?YTvq{p1N?.L(C]LK;aZ">預測轉速</field>
                <value name="VALUE">
                  <block type="model_predict" id="B:kdP!rcCkUqTL:%uXxj">
                    <value name="MODEL">
                      <block type="variables_get" id="DPrqSlH6j}$cX=glQjNf">
                        <field name="VAR" id=",^^{5fW]Lw0h5w;FD,ns">AI模型</field>
                      </block>
                    </value>
                    <value name="X">
                      <block type="variables_get" id=".v%f1lx~Lo3S2+c)Wc^u">
                        <field name="VAR" id="S.JMR$J0Zf=I5WCU4!7/">特徵資料</field>
                      </block>
                    </value>
                  </block>
                </value>
                <next>
                  <block type="variables_set" id="_8LkBQ8`CmkN[;Hl9M/C">
                    <field name="VAR" id="3mu%ock7yMNJRcn`_dyf">左輪轉速</field>
                    <value name="VALUE">
                      <block type="lists_getIndex" id="M-y![C?z$s=}B4KUx}_?">
                        <mutation statement="false" at="false"></mutation>
                        <field name="MODE">GET</field>
                        <field name="WHERE">FIRST</field>
                        <value name="VALUE">
                          <block type="lists_getIndex" id="-T7cCS.]biBk5-so}`iR">
                            <mutation statement="false" at="false"></mutation>
                            <field name="MODE">GET</field>
                            <field name="WHERE">FIRST</field>
                            <value name="VALUE">
                              <block type="variables_get" id="*?qoQnr!-iX*H:FI9/Zp">
                                <field name="VAR" id="?YTvq{p1N?.L(C]LK;aZ">預測轉速</field>
                              </block>
                            </value>
                          </block>
                        </value>
                      </block>
                    </value>
                    <next>
                      <block type="variables_set" id="1lWSfYd8fQr/LT47cCsf">
                        <field name="VAR" id="}]+AasxtgeR%@4=.s}3V">右輪轉速</field>
                        <value name="VALUE">
                          <block type="lists_getIndex" id="xxizk@;eTO7b5h6dBScT">
                            <mutation statement="false" at="true"></mutation>
                            <field name="MODE">GET</field>
                            <field name="WHERE">FROM_START</field>
                            <value name="VALUE">
                              <block type="lists_getIndex" id=";3Nod(E.@{?}jQoggifU">
                                <mutation statement="false" at="false"></mutation>
                                <field name="MODE">GET</field>
                                <field name="WHERE">FIRST</field>
                                <value name="VALUE">
                                  <block type="variables_get" id="t08dG,L~vWU/dt.46kZR">
                                    <field name="VAR" id="?YTvq{p1N?.L(C]LK;aZ">預測轉速</field>
                                  </block>
                                </value>
                              </block>
                            </value>
                            <value name="AT">
                              <block type="math_number" id="xNRi,2udyf=QYEY%ECax">
                                <field name="NUM">2</field>
                              </block>
                            </value>
                          </block>
                        </value>
                        <next>
                          <block type="mlplay_return_mazecar_action" id="B;/xii/!_J5VvAD~}]@g">
                            <value name="LEFT_RPM">
                              <shadow type="math_number" id="k`gF9vOij#40eqpIP]{n">
                                <field name="NUM">100</field>
                              </shadow>
                              <block type="variables_get" id="9T^pYUZcIAvJ#hlSD|S,">
                                <field name="VAR" id="3mu%ock7yMNJRcn`_dyf">左輪轉速</field>
                              </block>
                            </value>
                            <value name="RIGHT_RPM">
                              <shadow type="math_number" id="6Wsi!C`M@K)/!k;BWmnJ">
                                <field name="NUM">100</field>
                              </shadow>
                              <block type="variables_get" id="+0$|M_XT[jN|.$YA4PZ$">
                                <field name="VAR" id="}]+AasxtgeR%@4=.s}3V">右輪轉速</field>
                              </block>
                            </value>
                          </block>
                        </next>
                      </block>
                    </next>
                  </block>
                </next>
              </block>
            </next>
          </block>
        </statement>
      </block>
    </statement>
    <statement name="RESET">
      <block type="text_print" id="4I6xbKw:.I^D,:OB8:,D">
        <value name="TEXT">
          <shadow type="text" id="C_NS#-tyJ@1P2]G@FqzF">
            <field name="TEXT">abc</field>
          </shadow>
          <block type="text" id="j87~q}ReLR){~W/ji}xa">
            <field name="TEXT">遊戲重置</field>
          </block>
        </value>
      </block>
    </statement>
  </block>
</xml>